iter	RMSE
0	0.08019067176
75	0.04397885036
150	0.04210354349
225	0.04061685168
300	0.03972883441
