iter	RMSE
0	0.08067131435
75	0.04481406172
150	0.04279485904
